{"cameraMode":{"drawMode":0,"name":"Shaded","section":"Shading Mode"},"sceneLighting":true,"audioPlay":false,"sceneViewState":{"m_AlwaysRefresh":false,"showFog":true,"showSkybox":true,"showFlares":true,"showImageEffects":true,"showParticleSystems":true,"showVisualEffectGraphs":true,"m_FxEnabled":true},"in2DMode":false,"pivot":{"x":-153.4064178466797,"y":5.4170331954956059,"z":151.43551635742188},"rotation":{"x":0.05302448943257332,"y":-0.9097808003425598,"z":0.12242920696735382,"w":0.3932161033153534},"size":0.26387202739715578,"orthographic":false}