{"cameraMode":{"drawMode":0,"name":"Shaded","section":"Shading Mode"},"sceneLighting":true,"audioPlay":false,"sceneViewState":{"m_AlwaysRefresh":false,"showFog":true,"showSkybox":true,"showFlares":true,"showImageEffects":true,"showParticleSystems":true,"showVisualEffectGraphs":true,"m_FxEnabled":true},"in2DMode":false,"pivot":{"x":-162.69403076171876,"y":18.25454330444336,"z":-147.23330688476563},"rotation":{"x":0.16821181774139405,"y":0.5931815505027771,"z":-0.12854696810245515,"w":0.7767990827560425},"size":0.3879513740539551,"orthographic":false}