{"cameraMode":{"drawMode":0,"name":"Shaded","section":"Shading Mode"},"sceneLighting":true,"audioPlay":false,"sceneViewState":{"m_AlwaysRefresh":false,"showFog":true,"showSkybox":true,"showFlares":true,"showImageEffects":true,"showParticleSystems":true,"showVisualEffectGraphs":true,"m_FxEnabled":true},"in2DMode":false,"pivot":{"x":-120.82093811035156,"y":-7.460771560668945,"z":-135.34564208984376},"rotation":{"x":0.17505525052547456,"y":0.6283254027366638,"z":-0.14804430305957795,"w":0.7434632778167725},"size":21.218782424926759,"orthographic":false}