{"cameraMode":{"drawMode":0,"name":"Shaded","section":"Shading Mode"},"sceneLighting":true,"audioPlay":false,"sceneViewState":{"m_AlwaysRefresh":false,"showFog":true,"showSkybox":true,"showFlares":true,"showImageEffects":true,"showParticleSystems":true,"showVisualEffectGraphs":true,"m_FxEnabled":true},"in2DMode":false,"pivot":{"x":54.352928161621097,"y":2.591137409210205,"z":15.219858169555664},"rotation":{"x":0.0882662832736969,"y":0.4531494081020355,"z":-0.04515884444117546,"w":0.8859165906906128},"size":4.0882391929626469,"orthographic":false}