{"cameraMode":{"drawMode":0,"name":"Shaded","section":"Shading Mode"},"sceneLighting":true,"audioPlay":false,"sceneViewState":{"m_AlwaysRefresh":false,"showFog":true,"showSkybox":true,"showFlares":true,"showImageEffects":true,"showParticleSystems":true,"showVisualEffectGraphs":true,"m_FxEnabled":true},"in2DMode":false,"pivot":{"x":49.74161911010742,"y":6.930971145629883,"z":-2.90343976020813},"rotation":{"x":0.10071822255849838,"y":0.23382391035556794,"z":-0.02436976321041584,"w":0.9667530059814453},"size":0.07591582834720612,"orthographic":false}